{"cameraMode":{"drawMode":0,"name":"Shaded","section":"Shading Mode"},"sceneLighting":false,"audioPlay":false,"sceneViewState":{"showFog":true,"showMaterialUpdate":false,"showSkybox":false,"showFlares":true,"showImageEffects":true,"showParticleSystems":true},"in2DMode":false,"pivot":{"x":5.669999122619629,"y":-4.229997634887695,"z":9.045001029968262},"rotation":{"x":0.14107128977775575,"y":0.3866363763809204,"z":-0.05997679382562637,"w":0.9094058871269226},"size":71.89214324951172,"orthographic":false}